STATION ID,BIKE STANDS
1,31.0
2,20.0
3,20.0
4,20.0
5,40.0
6,20.0
7,29.0
8,30.0
9,24.0
10,16.0
11,30.0
12,20.0
13,30.0
14,30.0
15,16.0
16,20.0
17,20.0
18,30.0
19,30.0
20,30.0
21,30.0
22,20.0
23,30.0
24,20.0
25,30.0
26,20.0
27,20.0
28,30.0
29,29.0
30,20.0
31,20.0
32,30.0
33,23.0
34,30.0
35,30.0
36,40.0
37,30.0
38,40.0
39,20.0
40,21.0
41,20.0
42,30.0
43,30.0
44,30.0
45,30.0
47,40.0
48,40.0
49,40.0
50,40.0
51,40.0
52,32.0
53,40.0
54,33.0
55,36.0
56,40.0
57,23.0
58,40.0
59,20.0
60,30.0
61,25.0
62,40.0
63,35.0
64,40.0
65,40.0
66,40.0
67,40.0
68,40.0
69,40.0
71,40.0
72,31.0
73,30.0
74,30.0
75,40.0
76,38.0
77,29.0
78,40.0
79,27.0
80,40.0
82,22.0
83,40.0
84,30.0
85,35.0
86,38.0
87,38.0
88,30.0
89,40.0
90,40.0
91,30.0
92,40.0
93,40.0
94,40.0
95,40.0
96,30.0
97,40.0
98,40.0
99,30.0
100,25.0
101,30.0
102,40.0
103,40.0
104,40.0
105,36.0
106,40.0
107,40.0
108,35.0
109,29.0
110,40.0
111,40.0
112,30.0
113,40.0
114,40.0
115,30.0
116,30.0
117,40.0
